corpus,layer,v,raw,ablated,verdict,q_median
C1,1,0.5,0.8941199312063283,0.8865862556330827,pass,4.0
C1,1,0.75,0.721273093609482,0.699833274103171,rogue_carried,14.0
C1,1,0.9,0.5814494245000555,0.5693564754082223,fail,40.0
C1,2,0.5,0.5816783579103169,0.5813863215132882,fail,8.0
C1,2,0.75,0.685246613980943,0.6873124592460533,fail,20.0
C1,2,0.9,0.6600370575066477,0.6618388653673304,fail,42.0
C1,3,0.5,0.782759227189544,0.7698671530572863,pass,5.0
C1,3,0.75,0.5740662601818923,0.5735674355866436,fail,21.0
C1,3,0.9,0.527618607271924,0.5283665762809944,fail,51.0
C1,4,0.5,0.6881211216586336,0.686217869183239,fail,6.0
C1,4,0.75,0.5612770367305471,0.5604403210202814,fail,24.0
C1,4,0.9,0.4621769009057076,0.46405758997970276,fail,57.5
C1,5,0.5,0.7230351573751781,0.7348539881854775,pass,7.0
C1,5,0.75,0.5440090798274853,0.5419721682852892,fail,25.0
C1,5,0.9,0.47176435734100586,0.4692878095890508,fail,58.0
C1,6,0.5,0.7196225481406084,0.718959798819319,pass,6.0
C1,6,0.75,0.5773538439842337,0.5750046139801739,fail,22.0
C1,6,0.9,0.46989219314880626,0.47106721182796146,fail,54.0
C1,7,0.5,0.6865248425818689,0.6824120807043539,fail,6.0
C1,7,0.75,0.5783178468344283,0.57118439733097,fail,23.0
C1,7,0.9,0.4581744229642536,0.45759159214823236,fail,55.0
C1,8,0.5,0.703331064219171,0.717254402651922,pass,6.0
C1,8,0.75,0.5651506016088743,0.568573769375502,fail,23.0
C1,8,0.9,0.4518760602728968,0.4502467321240821,fail,55.0
C1,9,0.5,0.6899933348022516,0.7107372469591275,fail,7.0
C1,9,0.75,0.5508943214635958,0.5484456233570677,fail,25.0
C1,9,0.9,0.43311818962790577,0.4298253100686819,fail,59.0
C1,10,0.5,0.7050319198091264,0.7069260784966682,pass,7.0
C1,10,0.75,0.5258203791168075,0.5207691546276384,fail,27.0
C1,10,0.9,0.42227147039237234,0.4165916331801221,fail,62.0
C1,11,0.5,0.7150131634797128,0.7139391191020937,pass,7.0
C1,11,0.75,0.5268939803404865,0.5257031516611833,fail,26.0
C1,11,0.9,0.4244332549696732,0.4205851461505241,fail,60.0
C1,12,0.5,0.738757914816683,0.7557920481885751,pass,6.0
C1,12,0.75,0.5352545820300515,0.5304833836740295,fail,25.0
C1,12,0.9,0.4294092241045071,0.42441798237763273,fail,59.0
C1,13,0.5,0.7161932527966652,0.7286334269453587,pass,7.0
C1,13,0.75,0.5148190717578234,0.5111628784575339,fail,26.5
C1,13,0.9,0.4172615172496348,0.4150161643127109,fail,61.0
C1,14,0.5,0.7182396423000474,0.7225645304271124,pass,7.0
C1,14,0.75,0.5161226940227688,0.5056917328861577,fail,27.0
C1,14,0.9,0.41214805812630073,0.4070426818657258,fail,61.5
C1,15,0.5,0.708602829418279,0.7016378535850898,pass,7.0
C1,15,0.75,0.5056412249345178,0.49707535001711595,fail,27.0
C1,15,0.9,0.3983034668821653,0.3962755469880932,fail,62.5
C1,16,0.5,0.6931565198669714,0.6982644564945873,fail,7.0
C1,16,0.75,0.49827050099128983,0.4960790132545405,fail,27.0
C1,16,0.9,0.4034142282929917,0.3988954613041089,fail,62.0
C1,17,0.5,0.6733627111511103,0.6909963324939787,fail,7.0
C1,17,0.75,0.5027477130825391,0.4963438492060147,fail,27.0
C1,17,0.9,0.3988432993069141,0.39565585173640816,fail,61.0
C1,18,0.5,0.6625098321736219,0.6484347484639702,fail,7.0
C1,18,0.75,0.4918130431995948,0.4910643366900894,fail,27.0
C1,18,0.9,0.3921556838707193,0.38942888982811075,fail,61.0
C1,19,0.5,0.661704239464125,0.658360618483084,fail,7.0
C1,19,0.75,0.4885355834159175,0.485783690030118,fail,27.0
C1,19,0.9,0.3900949847948711,0.38668521184887994,fail,60.0
C1,20,0.5,0.6638309876429538,0.659558183104449,fail,7.0
C1,20,0.75,0.48273766215440217,0.4782321590805336,fail,27.0
C1,20,0.9,0.38454545603542317,0.382406826252549,fail,61.0
C1,21,0.5,0.6431481112788344,0.6387969216109586,fail,7.0
C1,21,0.75,0.4815626622545671,0.47138345413999383,fail,28.0
C1,21,0.9,0.3792616841309655,0.374249806396282,fail,61.0
C1,22,0.5,0.6191640622988622,0.6169180756149582,fail,8.0
C1,22,0.75,0.473606577271253,0.46593234181328796,fail,28.0
C1,22,0.9,0.37180286470646695,0.3676273569509094,fail,60.5
C1,23,0.5,0.6236402475868512,0.6128164171374635,fail,8.0
C1,23,0.75,0.4578982335066446,0.45599784518415787,fail,29.0
C1,23,0.9,0.36315724713183584,0.3597757980441087,fail,62.0
C1,24,0.5,0.6146714660595255,0.598867461566135,fail,8.0
C1,24,0.75,0.4490112762025456,0.4373993273813448,fail,29.0
C1,24,0.9,0.3586776814306112,0.35362186916897376,fail,63.0
C1,25,0.5,0.6054680950322332,0.5772518605122821,fail,8.0
C1,25,0.75,0.43466965502298816,0.4248910493966037,fail,30.0
C1,25,0.9,0.34998045166753633,0.34387739215594526,fail,64.0
C1,26,0.5,0.5836665785658626,0.567091163016449,fail,9.0
C1,26,0.75,0.42145128950838984,0.41449423945421837,fail,31.0
C1,26,0.9,0.3379497475819019,0.33479044050306317,fail,66.0
C1,27,0.5,0.582088597896885,0.5601228867242465,fail,9.0
C1,27,0.75,0.4198122885771479,0.4196054329861516,fail,31.0
C1,27,0.9,0.3385113196906752,0.336874384130958,fail,65.0
C1,28,0.5,0.5547678831399512,0.5551550035670831,fail,9.0
C1,28,0.75,0.4125845245495896,0.4100022474995871,fail,32.0
C1,28,0.9,0.3299205232008934,0.3299715272145467,fail,66.0
C1,29,0.5,0.5652425191756747,0.5542234624482156,fail,9.0
C1,29,0.75,0.4045149025956254,0.4005457649495796,fail,33.0
C1,29,0.9,0.3220829455919133,0.31891418828775786,fail,67.0
C1,30,0.5,0.5721359946102463,0.5573695572584211,fail,9.0
C1,30,0.75,0.4030858575746945,0.39683102852081065,fail,32.5
C1,30,0.9,0.3224018932175402,0.3205900363013006,fail,67.0
C1,31,0.5,0.6121291004056,0.6059506357085512,fail,9.0
C1,31,0.75,0.4165656447404158,0.4146651221168476,fail,32.0
C1,31,0.9,0.33086949138954735,0.3307987725054442,fail,68.0
C1,32,0.5,0.6582517597767018,0.6622512866539636,fail,7.0
C1,32,0.75,0.4573435968204478,0.4533173343249009,fail,31.0
C1,32,0.9,0.3512996419522604,0.3490344439452623,fail,68.0
C2,1,0.5,0.7699692452189356,0.7997659343927606,pass,4.0
C2,1,0.75,0.6899121209938124,0.6521410266070768,fail,16.0
C2,1,0.9,0.5448254607068816,0.5291793782628534,fail,45.0
C2,2,0.5,0.643355542531121,0.624689037190121,fail,6.0
C2,2,0.75,0.5023452757578183,0.5021169629307967,fail,21.0
C2,2,0.9,0.5664953581194148,0.5640322059217989,fail,44.0
C2,3,0.5,0.676694029512397,0.6707681064178405,fail,6.0
C2,3,0.75,0.520110210040307,0.5151100456301991,fail,21.0
C2,3,0.9,0.4371659827982577,0.4358124997092364,fail,51.5
C2,4,0.5,0.6589880252381988,0.6587038607232747,fail,9.0
C2,4,0.75,0.46057531094678494,0.45877450426206456,fail,29.0
C2,4,0.9,0.3816032385010813,0.37947732739021695,fail,63.0
C2,5,0.5,0.5712472878431086,0.5615873967223779,fail,13.0
C2,5,0.75,0.4241171641438214,0.4203771906185838,fail,37.0
C2,5,0.9,0.37671574744775943,0.37450921761870437,fail,72.0
C2,6,0.5,0.5944810129905035,0.5887073341007536,fail,12.0
C2,6,0.75,0.4420736831587362,0.43968352686126766,fail,36.0
C2,6,0.9,0.3686932135470071,0.3657342415038799,fail,70.0
C2,7,0.5,0.560034839773201,0.550362835377084,fail,13.0
C2,7,0.75,0.4187464640224534,0.4153608427429514,fail,38.0
C2,7,0.9,0.3550907341860171,0.3548589775564032,fail,73.0
C2,8,0.5,0.5224685857272107,0.510032482636978,fail,15.0
C2,8,0.75,0.39807859134990975,0.3942158003600892,fail,40.5
C2,8,0.9,0.3459938830813462,0.34373911382317035,fail,75.0
C2,9,0.5,0.5105676883741423,0.4983221330857053,fail,15.0
C2,9,0.75,0.38693840293487647,0.38235091236130214,fail,42.0
C2,9,0.9,0.3308034301921905,0.3282487255183214,fail,78.0
C2,10,0.5,0.511023788094864,0.49126288419513253,fail,16.0
C2,10,0.75,0.38030854090377153,0.37266112415051456,fail,43.0
C2,10,0.9,0.3252598344871778,0.31962628753583644,fail,79.0
C2,11,0.5,0.5040020650646231,0.4953118676567462,fail,16.0
C2,11,0.75,0.3727654936341286,0.36797164108682634,fail,44.0
C2,11,0.9,0.3201943325930504,0.31910666213499306,fail,79.0
C2,12,0.5,0.49659246238491384,0.48619496276866914,fail,16.0
C2,12,0.75,0.3674047129604574,0.36083206522707933,fail,44.0
C2,12,0.9,0.31516709591392583,0.312726379606759,fail,80.0
C2,13,0.5,0.5111792837780103,0.4962283510166213,fail,15.0
C2,13,0.75,0.3820792829241394,0.372745772976386,fail,43.0
C2,13,0.9,0.3277924912342737,0.3232638731311966,fail,79.0
C2,14,0.5,0.5143952394252242,0.4968239490042159,fail,15.0
C2,14,0.75,0.37273894745080005,0.3678845662289415,fail,44.0
C2,14,0.9,0.31797118649428713,0.3157922185372988,fail,80.0
C2,15,0.5,0.5049211544325922,0.48424359609153683,fail,16.0
C2,15,0.75,0.36460398276799955,0.3562681905814256,fail,44.5
C2,15,0.9,0.31350146617441443,0.30833633823967543,fail,80.0
C2,16,0.5,0.4946378687146912,0.47484731555010595,fail,16.0
C2,16,0.75,0.3526049437625738,0.34491397377359945,fail,44.5
C2,16,0.9,0.3099922700404829,0.30383094525396204,fail,79.0
C2,17,0.5,0.4868135548104093,0.471214942498661,fail,16.0
C2,17,0.75,0.3482319847415647,0.34086120588115476,fail,44.0
C2,17,0.9,0.30736825419573166,0.3036381021738509,fail,79.0
C2,18,0.5,0.45960897442466964,0.4453410357043157,fail,17.0
C2,18,0.75,0.32827311968037964,0.32250963783173814,fail,44.0
C2,18,0.9,0.29615583900128595,0.29155303932369037,fail,78.0
C2,19,0.5,0.44803130038106354,0.44136546062517135,fail,16.0
C2,19,0.75,0.3221640591556722,0.31879978775608453,fail,44.0
C2,19,0.9,0.29250568725581205,0.29321252736083675,fail,77.0
C2,20,0.5,0.437010048685732,0.4222593058626336,fail,16.0
C2,20,0.75,0.3158054847625293,0.3069549673660733,fail,43.0
C2,20,0.9,0.28692982753010154,0.28254419056414615,fail,76.0
C2,21,0.5,0.42840772605658495,0.4069796459546876,fail,16.0
C2,21,0.75,0.3066142324210919,0.2975486224645243,fail,43.0
C2,21,0.9,0.27953478580648466,0.2736966266663373,fail,75.0
C2,22,0.5,0.4006697496745361,0.3807290998783596,fail,16.0
C2,22,0.75,0.2921867624016481,0.2860521676972937,fail,42.5
C2,22,0.9,0.26970966604790336,0.2667114465265916,fail,75.0
C2,23,0.5,0.38084517851664584,0.3673488744229635,fail,16.0
C2,23,0.75,0.2790253060129749,0.27133772017489644,fail,43.0
C2,23,0.9,0.2616004627766171,0.2573646690863404,fail,75.0
C2,24,0.5,0.36037724315225617,0.3399056343390977,fail,16.0
C2,24,0.75,0.2680921348370758,0.25759951263087216,fail,43.0
C2,24,0.9,0.25289579432227766,0.2474859767019138,fail,76.0
C2,25,0.5,0.34603974180677977,0.33469302295165837,fail,16.0
C2,25,0.75,0.25684700658475035,0.24786946259384685,fail,43.0
C2,25,0.9,0.24514657569779974,0.2398659342953227,fail,75.0
C2,26,0.5,0.33295006310654346,0.3124066853056549,fail,16.0
C2,26,0.75,0.2488997447027078,0.24067516220981472,fail,43.0
C2,26,0.9,0.23786647104368935,0.2343856474039498,fail,75.0
C2,27,0.5,0.3390534584264737,0.3189270398289169,fail,16.0
C2,27,0.75,0.24506078810860357,0.23640813716445602,fail,42.0
C2,27,0.9,0.23386267661351,0.228825635505422,fail,75.0
C2,28,0.5,0.3409576048841779,0.3174706516914251,fail,15.0
C2,28,0.75,0.24221664595154435,0.23331400874433836,fail,42.0
C2,28,0.9,0.22854704908372658,0.22558466910648878,fail,74.0
C2,29,0.5,0.3337850098457361,0.3235203343677344,fail,15.0
C2,29,0.75,0.23561222269246568,0.22906724183972293,fail,42.0
C2,29,0.9,0.22333403262017903,0.2199914831259871,fail,75.0
C2,30,0.5,0.3555057789979265,0.34807840088893327,fail,13.5
C2,30,0.75,0.23923146274417853,0.23381278087783747,fail,41.0
C2,30,0.9,0.2267300273626041,0.22397875384320284,fail,73.0
C2,31,0.5,0.40350811546799925,0.39190114108146845,fail,13.0
C2,31,0.75,0.2616506308237648,0.25585781417655196,fail,41.0
C2,31,0.9,0.23945721312238494,0.2376370391610351,fail,74.0
C2,32,0.5,0.4963651391783193,0.5032231125761839,fail,11.0
C2,32,0.75,0.30723977875061903,0.30953449554704315,fail,40.0
C2,32,0.9,0.26126251527752453,0.2643885112370352,fail,75.0
